{
    "model": "logistic_regression",
    "params": {
        "C": 0.1,
        "class_weight": null,
        "dual": false,
        "fit_intercept": true,
        "intercept_scaling": 1,
        "l1_ratio": null,
        "max_iter": 100,
        "multi_class": "deprecated",
        "n_jobs": null,
        "penalty": "l2",
        "random_state": null,
        "solver": "liblinear",
        "tol": 0.0001,
        "verbose": 0,
        "warm_start": false
    },
    "K_CV": 5,
    "results": {
        "accuracy": 0.7918356157386498,
        "precision": 0.6509539037828523,
        "recall": 0.4660422072801823,
        "specificity": 0.9095220101103543,
        "auc": 0.8212068661471918
    },
    "padronization": {
        "tenure": {
            "mean": 32.37114865824223,
            "std": 24.55948102309423
        },
        "MonthlyCharges": {
            "mean": 64.76169246059918,
            "std": 30.09004709767854
        }
    }
}